rank,strategy_key,strategy_name,role,symbol,source_report,score,return_percent,drawdown_percent,profit_factor,consistency_percent,trade_count,status,parameters_json
1,reports\scanner\championship_scanner_v1.json|Unknown Strategy|NVDA|{},Unknown Strategy,LONG,NVDA,reports\scanner\championship_scanner_v1.json,88.5,0.0,0.0,0.0,0.0,0,RESEARCH,{}
2,"reports\strategy_research_arena.json|ARENA-0036|MULTI|{""atr_period"": 7, ""filter_set"": ""Original"", ""max_bars_held"": 30, ""risk_profile"": ""Trend"", ""sensitivity"": 1.0, ""stop_loss_percent"": 4.0, ""take_profit_percent"": 10.0}",ARENA-0036,LONG,MULTI,reports\strategy_research_arena.json,53.8352,8.9048,1.1961,2.3366,0.0,61,FINALIST,"{""atr_period"": 7, ""filter_set"": ""Original"", ""max_bars_held"": 30, ""risk_profile"": ""Trend"", ""sensitivity"": 1.0, ""stop_loss_percent"": 4.0, ""take_profit_percent"": 10.0}"
3,"reports\strategy_research_arena.json|ARENA-0033|MULTI|{""atr_period"": 7, ""filter_set"": ""Original"", ""max_bars_held"": 20, ""risk_profile"": ""Trend"", ""sensitivity"": 1.0, ""stop_loss_percent"": 4.0, ""take_profit_percent"": 10.0}",ARENA-0033,LONG,MULTI,reports\strategy_research_arena.json,53.2197,8.7104,1.1961,2.3082,0.0,61,FINALIST,"{""atr_period"": 7, ""filter_set"": ""Original"", ""max_bars_held"": 20, ""risk_profile"": ""Trend"", ""sensitivity"": 1.0, ""stop_loss_percent"": 4.0, ""take_profit_percent"": 10.0}"
4,"reports\strategy_research_arena.json|ARENA-0081|MULTI|{""atr_period"": 14, ""filter_set"": ""Original"", ""max_bars_held"": 30, ""risk_profile"": ""Trend"", ""sensitivity"": 1.2, ""stop_loss_percent"": 4.0, ""take_profit_percent"": 10.0}",ARENA-0081,LONG,MULTI,reports\strategy_research_arena.json,53.0156,8.5872,2.1475,2.476,0.0,48,FINALIST,"{""atr_period"": 14, ""filter_set"": ""Original"", ""max_bars_held"": 30, ""risk_profile"": ""Trend"", ""sensitivity"": 1.2, ""stop_loss_percent"": 4.0, ""take_profit_percent"": 10.0}"
5,verified-gld|ARENA-0081|GLD,ARENA-0081,GLD,GLD,TradingView verified GLD finalist,53.0156,28.25,4.13,1.524,75.0,328,QUALIFIED_GLD,"{""atr_period"": 14, ""filter_set"": ""Original"", ""max_bars_held"": 30, ""position_percent"": 15.0, ""sensitivity"": 1.2, ""stop_loss_percent"": 4.0, ""take_profit_percent"": 10.0, ""validation_source"": ""TradingView""}"
6,"reports\strategy_research_arena.json|ARENA-0240|MULTI|{""atr_period"": 14, ""filter_set"": ""RSI"", ""max_bars_held"": 20, ""risk_profile"": ""Trend"", ""sensitivity"": 1.2, ""stop_loss_percent"": 4.0, ""take_profit_percent"": 10.0}",ARENA-0240,LONG,MULTI,reports\strategy_research_arena.json,52.9049,7.2641,1.7134,2.7255,0.0,35,FINALIST,"{""atr_period"": 14, ""filter_set"": ""RSI"", ""max_bars_held"": 20, ""risk_profile"": ""Trend"", ""sensitivity"": 1.2, ""stop_loss_percent"": 4.0, ""take_profit_percent"": 10.0}"
7,"reports\strategy_research_arena.json|ARENA-0807|MULTI|{""atr_period"": 14, ""filter_set"": ""EMA200+RSI"", ""max_bars_held"": 20, ""risk_profile"": ""Trend"", ""sensitivity"": 1.2, ""stop_loss_percent"": 4.0, ""take_profit_percent"": 10.0}",ARENA-0807,LONG,MULTI,reports\strategy_research_arena.json,52.9049,7.2641,1.7134,2.7255,0.0,35,FINALIST,"{""atr_period"": 14, ""filter_set"": ""EMA200+RSI"", ""max_bars_held"": 20, ""risk_profile"": ""Trend"", ""sensitivity"": 1.2, ""stop_loss_percent"": 4.0, ""take_profit_percent"": 10.0}"
8,"reports\strategy_research_arena.json|ARENA-0031|MULTI|{""atr_period"": 7, ""filter_set"": ""Original"", ""max_bars_held"": 20, ""risk_profile"": ""Balanced"", ""sensitivity"": 1.0, ""stop_loss_percent"": 3.0, ""take_profit_percent"": 8.0}",ARENA-0031,LONG,MULTI,reports\strategy_research_arena.json,52.7448,8.5131,1.1468,2.2874,0.0,61,FINALIST,"{""atr_period"": 7, ""filter_set"": ""Original"", ""max_bars_held"": 20, ""risk_profile"": ""Balanced"", ""sensitivity"": 1.0, ""stop_loss_percent"": 3.0, ""take_profit_percent"": 8.0}"
9,"reports\strategy_research_arena.json|ARENA-0034|MULTI|{""atr_period"": 7, ""filter_set"": ""Original"", ""max_bars_held"": 30, ""risk_profile"": ""Balanced"", ""sensitivity"": 1.0, ""stop_loss_percent"": 3.0, ""take_profit_percent"": 8.0}",ARENA-0034,LONG,MULTI,reports\strategy_research_arena.json,52.7448,8.5131,1.1468,2.2874,0.0,61,FINALIST,"{""atr_period"": 7, ""filter_set"": ""Original"", ""max_bars_held"": 30, ""risk_profile"": ""Balanced"", ""sensitivity"": 1.0, ""stop_loss_percent"": 3.0, ""take_profit_percent"": 8.0}"
10,"reports\strategy_research_arena.json|ARENA-0045|MULTI|{""atr_period"": 10, ""filter_set"": ""Original"", ""max_bars_held"": 30, ""risk_profile"": ""Trend"", ""sensitivity"": 1.0, ""stop_loss_percent"": 4.0, ""take_profit_percent"": 10.0}",ARENA-0045,LONG,MULTI,reports\strategy_research_arena.json,52.5952,8.9092,1.7676,2.2754,0.0,60,FINALIST,"{""atr_period"": 10, ""filter_set"": ""Original"", ""max_bars_held"": 30, ""risk_profile"": ""Trend"", ""sensitivity"": 1.0, ""stop_loss_percent"": 4.0, ""take_profit_percent"": 10.0}"
11,"reports\strategy_research_arena.json|ARENA-0040|MULTI|{""atr_period"": 10, ""filter_set"": ""Original"", ""max_bars_held"": 20, ""risk_profile"": ""Balanced"", ""sensitivity"": 1.0, ""stop_loss_percent"": 3.0, ""take_profit_percent"": 8.0}",ARENA-0040,LONG,MULTI,reports\strategy_research_arena.json,52.3553,8.5316,1.2791,2.233,0.0,60,FINALIST,"{""atr_period"": 10, ""filter_set"": ""Original"", ""max_bars_held"": 20, ""risk_profile"": ""Balanced"", ""sensitivity"": 1.0, ""stop_loss_percent"": 3.0, ""take_profit_percent"": 8.0}"
12,"reports\strategy_research_arena.json|ARENA-0043|MULTI|{""atr_period"": 10, ""filter_set"": ""Original"", ""max_bars_held"": 30, ""risk_profile"": ""Balanced"", ""sensitivity"": 1.0, ""stop_loss_percent"": 3.0, ""take_profit_percent"": 8.0}",ARENA-0043,LONG,MULTI,reports\strategy_research_arena.json,52.3553,8.5316,1.2791,2.233,0.0,60,FINALIST,"{""atr_period"": 10, ""filter_set"": ""Original"", ""max_bars_held"": 30, ""risk_profile"": ""Balanced"", ""sensitivity"": 1.0, ""stop_loss_percent"": 3.0, ""take_profit_percent"": 8.0}"
13,"reports\multi_market_strategy_arena_v2.json|MM-0013|MULTI|{""atr_period"": 14, ""filter_set"": ""Original"", ""max_bars_held"": 10, ""risk_profile"": ""Balanced"", ""sensitivity"": 0.8, ""stop_loss_percent"": 3.0, ""take_profit_percent"": 8.0}",MM-0013,LONG,MULTI,reports\multi_market_strategy_arena_v2.json,36.5173,2.7514,1.7784,1.5328,88.89,42,MULTI_MARKET_FINALIST,"{""atr_period"": 14, ""filter_set"": ""Original"", ""max_bars_held"": 10, ""risk_profile"": ""Balanced"", ""sensitivity"": 0.8, ""stop_loss_percent"": 3.0, ""take_profit_percent"": 8.0}"
14,"reports\multi_market_strategy_arena_v2.json|MM-0007|MULTI|{""atr_period"": 10, ""filter_set"": ""Original"", ""max_bars_held"": 10, ""risk_profile"": ""Balanced"", ""sensitivity"": 0.8, ""stop_loss_percent"": 3.0, ""take_profit_percent"": 8.0}",MM-0007,LONG,MULTI,reports\multi_market_strategy_arena_v2.json,35.7882,2.8088,1.7045,1.4438,88.89,42,MULTI_MARKET_FINALIST,"{""atr_period"": 10, ""filter_set"": ""Original"", ""max_bars_held"": 10, ""risk_profile"": ""Balanced"", ""sensitivity"": 0.8, ""stop_loss_percent"": 3.0, ""take_profit_percent"": 8.0}"
15,"reports\multi_market_strategy_arena_v2.json|MM-0015|MULTI|{""atr_period"": 14, ""filter_set"": ""Original"", ""max_bars_held"": 20, ""risk_profile"": ""Balanced"", ""sensitivity"": 0.8, ""stop_loss_percent"": 3.0, ""take_profit_percent"": 8.0}",MM-0015,LONG,MULTI,reports\multi_market_strategy_arena_v2.json,34.8416,2.4987,1.9879,1.5316,88.89,42,MULTI_MARKET_FINALIST,"{""atr_period"": 14, ""filter_set"": ""Original"", ""max_bars_held"": 20, ""risk_profile"": ""Balanced"", ""sensitivity"": 0.8, ""stop_loss_percent"": 3.0, ""take_profit_percent"": 8.0}"
16,"reports\multi_market_strategy_arena_v2.json|MM-0017|MULTI|{""atr_period"": 14, ""filter_set"": ""Original"", ""max_bars_held"": 30, ""risk_profile"": ""Balanced"", ""sensitivity"": 0.8, ""stop_loss_percent"": 3.0, ""take_profit_percent"": 8.0}",MM-0017,LONG,MULTI,reports\multi_market_strategy_arena_v2.json,34.7659,2.4987,1.9879,1.5316,88.89,42,MULTI_MARKET_FINALIST,"{""atr_period"": 14, ""filter_set"": ""Original"", ""max_bars_held"": 30, ""risk_profile"": ""Balanced"", ""sensitivity"": 0.8, ""stop_loss_percent"": 3.0, ""take_profit_percent"": 8.0}"
17,"reports\multi_market_strategy_arena_v2.json|MM-0121|MULTI|{""atr_period"": 14, ""filter_set"": ""RSI"", ""max_bars_held"": 10, ""risk_profile"": ""Balanced"", ""sensitivity"": 0.8, ""stop_loss_percent"": 3.0, ""take_profit_percent"": 8.0}",MM-0121,LONG,MULTI,reports\multi_market_strategy_arena_v2.json,33.8931,1.997,1.4807,1.6423,77.78,28,MULTI_MARKET_FINALIST,"{""atr_period"": 14, ""filter_set"": ""RSI"", ""max_bars_held"": 10, ""risk_profile"": ""Balanced"", ""sensitivity"": 0.8, ""stop_loss_percent"": 3.0, ""take_profit_percent"": 8.0}"
18,"reports\multi_market_strategy_arena_v2.json|MM-0009|MULTI|{""atr_period"": 10, ""filter_set"": ""Original"", ""max_bars_held"": 20, ""risk_profile"": ""Balanced"", ""sensitivity"": 0.8, ""stop_loss_percent"": 3.0, ""take_profit_percent"": 8.0}",MM-0009,LONG,MULTI,reports\multi_market_strategy_arena_v2.json,33.5818,2.5253,2.2955,1.4597,88.89,42,MULTI_MARKET_FINALIST,"{""atr_period"": 10, ""filter_set"": ""Original"", ""max_bars_held"": 20, ""risk_profile"": ""Balanced"", ""sensitivity"": 0.8, ""stop_loss_percent"": 3.0, ""take_profit_percent"": 8.0}"
19,"reports\multi_market_strategy_arena_v2.json|MM-0011|MULTI|{""atr_period"": 10, ""filter_set"": ""Original"", ""max_bars_held"": 30, ""risk_profile"": ""Balanced"", ""sensitivity"": 0.8, ""stop_loss_percent"": 3.0, ""take_profit_percent"": 8.0}",MM-0011,LONG,MULTI,reports\multi_market_strategy_arena_v2.json,33.506,2.5253,2.2955,1.4597,88.89,42,MULTI_MARKET_FINALIST,"{""atr_period"": 10, ""filter_set"": ""Original"", ""max_bars_held"": 30, ""risk_profile"": ""Balanced"", ""sensitivity"": 0.8, ""stop_loss_percent"": 3.0, ""take_profit_percent"": 8.0}"
20,"reports\arena_v3_results.json|V3-000904|MULTI|{""atr_period"": 16, ""filter_set"": ""Original"", ""max_bars_held"": 5, ""sensitivity"": 0.5, ""stop_loss_percent"": 1.5, ""take_profit_percent"": 10.0}",V3-000904,LONG,MULTI,reports\arena_v3_results.json,32.9575,1.9909,1.6352,1.4557,87.5,34,WALK_FORWARD_FINALIST,"{""atr_period"": 16, ""filter_set"": ""Original"", ""max_bars_held"": 5, ""sensitivity"": 0.5, ""stop_loss_percent"": 1.5, ""take_profit_percent"": 10.0}"
21,"reports\arena_v3_results.json|V3-000454|MULTI|{""atr_period"": 10, ""filter_set"": ""Original"", ""max_bars_held"": 5, ""sensitivity"": 0.5, ""stop_loss_percent"": 1.5, ""take_profit_percent"": 10.0}",V3-000454,LONG,MULTI,reports\arena_v3_results.json,32.8979,1.9928,1.7123,1.4646,87.5,33,WALK_FORWARD_FINALIST,"{""atr_period"": 10, ""filter_set"": ""Original"", ""max_bars_held"": 5, ""sensitivity"": 0.5, ""stop_loss_percent"": 1.5, ""take_profit_percent"": 10.0}"
22,"reports\multi_market_strategy_arena_v2.json|MM-0001|MULTI|{""atr_period"": 7, ""filter_set"": ""Original"", ""max_bars_held"": 10, ""risk_profile"": ""Balanced"", ""sensitivity"": 0.8, ""stop_loss_percent"": 3.0, ""take_profit_percent"": 8.0}",MM-0001,LONG,MULTI,reports\multi_market_strategy_arena_v2.json,32.7391,2.5407,1.8614,1.5105,77.78,43,MULTI_MARKET_FINALIST,"{""atr_period"": 7, ""filter_set"": ""Original"", ""max_bars_held"": 10, ""risk_profile"": ""Balanced"", ""sensitivity"": 0.8, ""stop_loss_percent"": 3.0, ""take_profit_percent"": 8.0}"
23,"reports\multi_market_strategy_arena_v2.json|MM-0115|MULTI|{""atr_period"": 10, ""filter_set"": ""RSI"", ""max_bars_held"": 10, ""risk_profile"": ""Balanced"", ""sensitivity"": 0.8, ""stop_loss_percent"": 3.0, ""take_profit_percent"": 8.0}",MM-0115,LONG,MULTI,reports\multi_market_strategy_arena_v2.json,32.6585,2.0539,1.4523,1.5076,77.78,27,MULTI_MARKET_FINALIST,"{""atr_period"": 10, ""filter_set"": ""RSI"", ""max_bars_held"": 10, ""risk_profile"": ""Balanced"", ""sensitivity"": 0.8, ""stop_loss_percent"": 3.0, ""take_profit_percent"": 8.0}"
24,"reports\arena_v3_results.json|V3-000754|MULTI|{""atr_period"": 14, ""filter_set"": ""Original"", ""max_bars_held"": 5, ""sensitivity"": 0.5, ""stop_loss_percent"": 1.5, ""take_profit_percent"": 10.0}",V3-000754,LONG,MULTI,reports\arena_v3_results.json,32.3629,1.8493,1.6919,1.467,87.5,34,WALK_FORWARD_FINALIST,"{""atr_period"": 14, ""filter_set"": ""Original"", ""max_bars_held"": 5, ""sensitivity"": 0.5, ""stop_loss_percent"": 1.5, ""take_profit_percent"": 10.0}"
25,"reports\arena_v3_results.json|V3-000905|MULTI|{""atr_period"": 16, ""filter_set"": ""Original"", ""max_bars_held"": 5, ""sensitivity"": 0.5, ""stop_loss_percent"": 1.5, ""take_profit_percent"": 12.0}",V3-000905,LONG,MULTI,reports\arena_v3_results.json,32.2738,1.7702,1.6994,1.4676,87.5,34,WALK_FORWARD_FINALIST,"{""atr_period"": 16, ""filter_set"": ""Original"", ""max_bars_held"": 5, ""sensitivity"": 0.5, ""stop_loss_percent"": 1.5, ""take_profit_percent"": 12.0}"
26,"reports\arena_v3_results.json|V3-000903|MULTI|{""atr_period"": 16, ""filter_set"": ""Original"", ""max_bars_held"": 5, ""sensitivity"": 0.5, ""stop_loss_percent"": 1.5, ""take_profit_percent"": 8.0}",V3-000903,LONG,MULTI,reports\arena_v3_results.json,31.985,1.7625,1.5924,1.4447,87.5,34,WALK_FORWARD_FINALIST,"{""atr_period"": 16, ""filter_set"": ""Original"", ""max_bars_held"": 5, ""sensitivity"": 0.5, ""stop_loss_percent"": 1.5, ""take_profit_percent"": 8.0}"
27,"reports\arena_v3_results.json|V3-000604|MULTI|{""atr_period"": 12, ""filter_set"": ""Original"", ""max_bars_held"": 5, ""sensitivity"": 0.5, ""stop_loss_percent"": 1.5, ""take_profit_percent"": 10.0}",V3-000604,LONG,MULTI,reports\arena_v3_results.json,31.9807,1.8494,1.7106,1.4375,87.5,34,WALK_FORWARD_FINALIST,"{""atr_period"": 12, ""filter_set"": ""Original"", ""max_bars_held"": 5, ""sensitivity"": 0.5, ""stop_loss_percent"": 1.5, ""take_profit_percent"": 10.0}"
28,"reports\arena_v3_results.json|V3-000455|MULTI|{""atr_period"": 10, ""filter_set"": ""Original"", ""max_bars_held"": 5, ""sensitivity"": 0.5, ""stop_loss_percent"": 1.5, ""take_profit_percent"": 12.0}",V3-000455,LONG,MULTI,reports\arena_v3_results.json,31.9602,1.6869,1.7577,1.4646,87.5,33,WALK_FORWARD_FINALIST,"{""atr_period"": 10, ""filter_set"": ""Original"", ""max_bars_held"": 5, ""sensitivity"": 0.5, ""stop_loss_percent"": 1.5, ""take_profit_percent"": 12.0}"
29,"reports\arena_v3_results.json|V3-000154|MULTI|{""atr_period"": 7, ""filter_set"": ""Original"", ""max_bars_held"": 5, ""sensitivity"": 0.5, ""stop_loss_percent"": 1.5, ""take_profit_percent"": 10.0}",V3-000154,LONG,MULTI,reports\arena_v3_results.json,31.9357,1.882,1.4974,1.4356,87.5,33,WALK_FORWARD_FINALIST,"{""atr_period"": 7, ""filter_set"": ""Original"", ""max_bars_held"": 5, ""sensitivity"": 0.5, ""stop_loss_percent"": 1.5, ""take_profit_percent"": 10.0}"
30,"reports\multi_market_strategy_arena_v2.json|MM-0499|MULTI|{""atr_period"": 14, ""filter_set"": ""EMA200+RSI"", ""max_bars_held"": 10, ""risk_profile"": ""Balanced"", ""sensitivity"": 0.8, ""stop_loss_percent"": 3.0, ""take_profit_percent"": 8.0}",MM-0499,LONG,MULTI,reports\multi_market_strategy_arena_v2.json,31.9175,1.6216,1.2623,1.496,77.78,26,MULTI_MARKET_FINALIST,"{""atr_period"": 14, ""filter_set"": ""EMA200+RSI"", ""max_bars_held"": 10, ""risk_profile"": ""Balanced"", ""sensitivity"": 0.8, ""stop_loss_percent"": 3.0, ""take_profit_percent"": 8.0}"
31,"reports\arena_v3_results.json|V3-000005|MULTI|{""atr_period"": 5, ""filter_set"": ""Original"", ""max_bars_held"": 5, ""sensitivity"": 0.5, ""stop_loss_percent"": 1.5, ""take_profit_percent"": 12.0}",V3-000005,LONG,MULTI,reports\arena_v3_results.json,31.6575,1.9478,1.4968,1.536,81.25,33,WALK_FORWARD_FINALIST,"{""atr_period"": 5, ""filter_set"": ""Original"", ""max_bars_held"": 5, ""sensitivity"": 0.5, ""stop_loss_percent"": 1.5, ""take_profit_percent"": 12.0}"
32,"reports\arena_v3_results.json|V3-000004|MULTI|{""atr_period"": 5, ""filter_set"": ""Original"", ""max_bars_held"": 5, ""sensitivity"": 0.5, ""stop_loss_percent"": 1.5, ""take_profit_percent"": 10.0}",V3-000004,LONG,MULTI,reports\arena_v3_results.json,31.5937,1.9535,1.4777,1.4518,84.38,33,WALK_FORWARD_FINALIST,"{""atr_period"": 5, ""filter_set"": ""Original"", ""max_bars_held"": 5, ""sensitivity"": 0.5, ""stop_loss_percent"": 1.5, ""take_profit_percent"": 10.0}"
33,"reports\arena_v3_results.json|V3-000155|MULTI|{""atr_period"": 7, ""filter_set"": ""Original"", ""max_bars_held"": 5, ""sensitivity"": 0.5, ""stop_loss_percent"": 1.5, ""take_profit_percent"": 12.0}",V3-000155,LONG,MULTI,reports\arena_v3_results.json,31.4652,1.7702,1.6244,1.4384,87.5,33,WALK_FORWARD_FINALIST,"{""atr_period"": 7, ""filter_set"": ""Original"", ""max_bars_held"": 5, ""sensitivity"": 0.5, ""stop_loss_percent"": 1.5, ""take_profit_percent"": 12.0}"
34,"reports\arena_v3_results.json|V3-000305|MULTI|{""atr_period"": 8, ""filter_set"": ""Original"", ""max_bars_held"": 5, ""sensitivity"": 0.5, ""stop_loss_percent"": 1.5, ""take_profit_percent"": 12.0}",V3-000305,LONG,MULTI,reports\arena_v3_results.json,31.0937,1.6753,1.7622,1.434,87.5,33,WALK_FORWARD_FINALIST,"{""atr_period"": 8, ""filter_set"": ""Original"", ""max_bars_held"": 5, ""sensitivity"": 0.5, ""stop_loss_percent"": 1.5, ""take_profit_percent"": 12.0}"
35,"reports\arena_v3_results.json|V3-000755|MULTI|{""atr_period"": 14, ""filter_set"": ""Original"", ""max_bars_held"": 5, ""sensitivity"": 0.5, ""stop_loss_percent"": 1.5, ""take_profit_percent"": 12.0}",V3-000755,LONG,MULTI,reports\arena_v3_results.json,31.05,1.5611,1.756,1.4275,87.5,34,WALK_FORWARD_FINALIST,"{""atr_period"": 14, ""filter_set"": ""Original"", ""max_bars_held"": 5, ""sensitivity"": 0.5, ""stop_loss_percent"": 1.5, ""take_profit_percent"": 12.0}"
36,"reports\arena_v3_results.json|V3-000453|MULTI|{""atr_period"": 10, ""filter_set"": ""Original"", ""max_bars_held"": 5, ""sensitivity"": 0.5, ""stop_loss_percent"": 1.5, ""take_profit_percent"": 8.0}",V3-000453,LONG,MULTI,reports\arena_v3_results.json,31.0445,1.4677,1.7123,1.4646,87.5,33,WALK_FORWARD_FINALIST,"{""atr_period"": 10, ""filter_set"": ""Original"", ""max_bars_held"": 5, ""sensitivity"": 0.5, ""stop_loss_percent"": 1.5, ""take_profit_percent"": 8.0}"
37,"reports\arena_v3_results.json|V3-000480|MULTI|{""atr_period"": 10, ""filter_set"": ""Original"", ""max_bars_held"": 10, ""sensitivity"": 0.5, ""stop_loss_percent"": 1.5, ""take_profit_percent"": 12.0}",V3-000480,LONG,MULTI,reports\arena_v3_results.json,30.9567,1.7313,1.8132,1.4566,87.5,33,WALK_FORWARD_FINALIST,"{""atr_period"": 10, ""filter_set"": ""Original"", ""max_bars_held"": 10, ""sensitivity"": 0.5, ""stop_loss_percent"": 1.5, ""take_profit_percent"": 12.0}"
38,"reports\multi_market_strategy_arena_v2.json|MM-0003|MULTI|{""atr_period"": 7, ""filter_set"": ""Original"", ""max_bars_held"": 20, ""risk_profile"": ""Balanced"", ""sensitivity"": 0.8, ""stop_loss_percent"": 3.0, ""take_profit_percent"": 8.0}",MM-0003,LONG,MULTI,reports\multi_market_strategy_arena_v2.json,30.947,2.5672,2.1027,1.4345,77.78,43,MULTI_MARKET_FINALIST,"{""atr_period"": 7, ""filter_set"": ""Original"", ""max_bars_held"": 20, ""risk_profile"": ""Balanced"", ""sensitivity"": 0.8, ""stop_loss_percent"": 3.0, ""take_profit_percent"": 8.0}"
39,"reports\arena_v3_results.json|V3-000930|MULTI|{""atr_period"": 16, ""filter_set"": ""Original"", ""max_bars_held"": 10, ""sensitivity"": 0.5, ""stop_loss_percent"": 1.5, ""take_profit_percent"": 12.0}",V3-000930,LONG,MULTI,reports\arena_v3_results.json,30.9127,1.661,1.7994,1.4081,90.62,34,WALK_FORWARD_FINALIST,"{""atr_period"": 16, ""filter_set"": ""Original"", ""max_bars_held"": 10, ""sensitivity"": 0.5, ""stop_loss_percent"": 1.5, ""take_profit_percent"": 12.0}"
40,"reports\arena_v3_results.json|V3-000753|MULTI|{""atr_period"": 14, ""filter_set"": ""Original"", ""max_bars_held"": 5, ""sensitivity"": 0.5, ""stop_loss_percent"": 1.5, ""take_profit_percent"": 8.0}",V3-000753,LONG,MULTI,reports\arena_v3_results.json,30.9105,1.4385,1.6725,1.467,87.5,34,WALK_FORWARD_FINALIST,"{""atr_period"": 14, ""filter_set"": ""Original"", ""max_bars_held"": 5, ""sensitivity"": 0.5, ""stop_loss_percent"": 1.5, ""take_profit_percent"": 8.0}"
41,"reports\multi_market_strategy_arena_v2.json|MM-0005|MULTI|{""atr_period"": 7, ""filter_set"": ""Original"", ""max_bars_held"": 30, ""risk_profile"": ""Balanced"", ""sensitivity"": 0.8, ""stop_loss_percent"": 3.0, ""take_profit_percent"": 8.0}",MM-0005,LONG,MULTI,reports\multi_market_strategy_arena_v2.json,30.9013,2.5672,2.1027,1.4345,77.78,43,MULTI_MARKET_FINALIST,"{""atr_period"": 7, ""filter_set"": ""Original"", ""max_bars_held"": 30, ""risk_profile"": ""Balanced"", ""sensitivity"": 0.8, ""stop_loss_percent"": 3.0, ""take_profit_percent"": 8.0}"
42,"reports\arena_v3_results.json|V3-000929|MULTI|{""atr_period"": 16, ""filter_set"": ""Original"", ""max_bars_held"": 10, ""sensitivity"": 0.5, ""stop_loss_percent"": 1.5, ""take_profit_percent"": 10.0}",V3-000929,LONG,MULTI,reports\arena_v3_results.json,30.802,1.7909,1.7994,1.4192,87.5,34,WALK_FORWARD_FINALIST,"{""atr_period"": 16, ""filter_set"": ""Original"", ""max_bars_held"": 10, ""sensitivity"": 0.5, ""stop_loss_percent"": 1.5, ""take_profit_percent"": 10.0}"
43,"reports\arena_v3_results.json|V3-000304|MULTI|{""atr_period"": 8, ""filter_set"": ""Original"", ""max_bars_held"": 5, ""sensitivity"": 0.5, ""stop_loss_percent"": 1.5, ""take_profit_percent"": 10.0}",V3-000304,LONG,MULTI,reports\arena_v3_results.json,30.7644,1.5655,1.7123,1.4268,87.5,33,WALK_FORWARD_FINALIST,"{""atr_period"": 8, ""filter_set"": ""Original"", ""max_bars_held"": 5, ""sensitivity"": 0.5, ""stop_loss_percent"": 1.5, ""take_profit_percent"": 10.0}"
44,"reports\arena_v3_results.json|V3-000954|MULTI|{""atr_period"": 16, ""filter_set"": ""Original"", ""max_bars_held"": 15, ""sensitivity"": 0.5, ""stop_loss_percent"": 1.5, ""take_profit_percent"": 10.0}",V3-000954,LONG,MULTI,reports\arena_v3_results.json,30.743,1.8377,1.8524,1.4195,87.5,34,WALK_FORWARD_FINALIST,"{""atr_period"": 16, ""filter_set"": ""Original"", ""max_bars_held"": 15, ""sensitivity"": 0.5, ""stop_loss_percent"": 1.5, ""take_profit_percent"": 10.0}"
45,"reports\multi_market_strategy_arena_v2.json|MM-0016|MULTI|{""atr_period"": 14, ""filter_set"": ""Original"", ""max_bars_held"": 20, ""risk_profile"": ""Trend"", ""sensitivity"": 0.8, ""stop_loss_percent"": 4.0, ""take_profit_percent"": 10.0}",MM-0016,LONG,MULTI,reports\multi_market_strategy_arena_v2.json,30.5408,2.7214,2.4013,1.4247,77.78,42,MULTI_MARKET_FINALIST,"{""atr_period"": 14, ""filter_set"": ""Original"", ""max_bars_held"": 20, ""risk_profile"": ""Trend"", ""sensitivity"": 0.8, ""stop_loss_percent"": 4.0, ""take_profit_percent"": 10.0}"
46,"reports\arena_v3_results.json|V3-000605|MULTI|{""atr_period"": 12, ""filter_set"": ""Original"", ""max_bars_held"": 5, ""sensitivity"": 0.5, ""stop_loss_percent"": 1.5, ""take_profit_percent"": 12.0}",V3-000605,LONG,MULTI,reports\arena_v3_results.json,30.5343,1.5611,1.756,1.3732,87.5,34,WALK_FORWARD_FINALIST,"{""atr_period"": 12, ""filter_set"": ""Original"", ""max_bars_held"": 5, ""sensitivity"": 0.5, ""stop_loss_percent"": 1.5, ""take_profit_percent"": 12.0}"
47,"reports\multi_market_strategy_arena_v2.json|MM-0018|MULTI|{""atr_period"": 14, ""filter_set"": ""Original"", ""max_bars_held"": 30, ""risk_profile"": ""Trend"", ""sensitivity"": 0.8, ""stop_loss_percent"": 4.0, ""take_profit_percent"": 10.0}",MM-0018,LONG,MULTI,reports\multi_market_strategy_arena_v2.json,30.497,2.7214,2.4013,1.4247,77.78,42,MULTI_MARKET_FINALIST,"{""atr_period"": 14, ""filter_set"": ""Original"", ""max_bars_held"": 30, ""risk_profile"": ""Trend"", ""sensitivity"": 0.8, ""stop_loss_percent"": 4.0, ""take_profit_percent"": 10.0}"
48,"reports\arena_v3_results.json|V3-000153|MULTI|{""atr_period"": 7, ""filter_set"": ""Original"", ""max_bars_held"": 5, ""sensitivity"": 0.5, ""stop_loss_percent"": 1.5, ""take_profit_percent"": 8.0}",V3-000153,LONG,MULTI,reports\arena_v3_results.json,30.462,1.4677,1.4974,1.4384,87.5,33,WALK_FORWARD_FINALIST,"{""atr_period"": 7, ""filter_set"": ""Original"", ""max_bars_held"": 5, ""sensitivity"": 0.5, ""stop_loss_percent"": 1.5, ""take_profit_percent"": 8.0}"
49,"reports\multi_market_strategy_arena_v2.json|MM-0014|MULTI|{""atr_period"": 14, ""filter_set"": ""Original"", ""max_bars_held"": 10, ""risk_profile"": ""Trend"", ""sensitivity"": 0.8, ""stop_loss_percent"": 4.0, ""take_profit_percent"": 10.0}",MM-0014,LONG,MULTI,reports\multi_market_strategy_arena_v2.json,30.361,2.3669,1.7784,1.4019,77.78,42,MULTI_MARKET_FINALIST,"{""atr_period"": 14, ""filter_set"": ""Original"", ""max_bars_held"": 10, ""risk_profile"": ""Trend"", ""sensitivity"": 0.8, ""stop_loss_percent"": 4.0, ""take_profit_percent"": 10.0}"
50,"reports\arena_v3_results.json|V3-000479|MULTI|{""atr_period"": 10, ""filter_set"": ""Original"", ""max_bars_held"": 10, ""sensitivity"": 0.5, ""stop_loss_percent"": 1.5, ""take_profit_percent"": 10.0}",V3-000479,LONG,MULTI,reports\arena_v3_results.json,30.3497,1.8186,1.8132,1.4339,84.38,33,WALK_FORWARD_FINALIST,"{""atr_period"": 10, ""filter_set"": ""Original"", ""max_bars_held"": 10, ""sensitivity"": 0.5, ""stop_loss_percent"": 1.5, ""take_profit_percent"": 10.0}"
51,"reports\multi_market_strategy_arena_v2.json|MM-0122|MULTI|{""atr_period"": 14, ""filter_set"": ""RSI"", ""max_bars_held"": 10, ""risk_profile"": ""Trend"", ""sensitivity"": 0.8, ""stop_loss_percent"": 4.0, ""take_profit_percent"": 10.0}",MM-0122,LONG,MULTI,reports\multi_market_strategy_arena_v2.json,30.279,1.6451,1.5043,1.481,77.78,28,MULTI_MARKET_FINALIST,"{""atr_period"": 14, ""filter_set"": ""RSI"", ""max_bars_held"": 10, ""risk_profile"": ""Trend"", ""sensitivity"": 0.8, ""stop_loss_percent"": 4.0, ""take_profit_percent"": 10.0}"
52,"reports\arena_v3_results.json|V3-000603|MULTI|{""atr_period"": 12, ""filter_set"": ""Original"", ""max_bars_held"": 5, ""sensitivity"": 0.5, ""stop_loss_percent"": 1.5, ""take_profit_percent"": 8.0}",V3-000603,LONG,MULTI,reports\arena_v3_results.json,30.198,1.3947,1.7106,1.4163,87.5,34,WALK_FORWARD_FINALIST,"{""atr_period"": 12, ""filter_set"": ""Original"", ""max_bars_held"": 5, ""sensitivity"": 0.5, ""stop_loss_percent"": 1.5, ""take_profit_percent"": 8.0}"
53,"reports\multi_market_strategy_arena_v2.json|MM-0010|MULTI|{""atr_period"": 10, ""filter_set"": ""Original"", ""max_bars_held"": 20, ""risk_profile"": ""Trend"", ""sensitivity"": 0.8, ""stop_loss_percent"": 4.0, ""take_profit_percent"": 10.0}",MM-0010,LONG,MULTI,reports\multi_market_strategy_arena_v2.json,30.1945,2.7481,2.2955,1.4,77.78,42,MULTI_MARKET_FINALIST,"{""atr_period"": 10, ""filter_set"": ""Original"", ""max_bars_held"": 20, ""risk_profile"": ""Trend"", ""sensitivity"": 0.8, ""stop_loss_percent"": 4.0, ""take_profit_percent"": 10.0}"
54,"reports\arena_v3_results.json|V3-000003|MULTI|{""atr_period"": 5, ""filter_set"": ""Original"", ""max_bars_held"": 5, ""sensitivity"": 0.5, ""stop_loss_percent"": 1.5, ""take_profit_percent"": 8.0}",V3-000003,LONG,MULTI,reports\arena_v3_results.json,30.1621,1.6597,1.4718,1.4897,81.25,33,WALK_FORWARD_FINALIST,"{""atr_period"": 5, ""filter_set"": ""Original"", ""max_bars_held"": 5, ""sensitivity"": 0.5, ""stop_loss_percent"": 1.5, ""take_profit_percent"": 8.0}"
55,"reports\multi_market_strategy_arena_v2.json|MM-0031|MULTI|{""atr_period"": 14, ""filter_set"": ""Original"", ""max_bars_held"": 10, ""risk_profile"": ""Balanced"", ""sensitivity"": 1.0, ""stop_loss_percent"": 3.0, ""take_profit_percent"": 8.0}",MM-0031,LONG,MULTI,reports\multi_market_strategy_arena_v2.json,30.1559,2.6161,2.1557,1.3722,77.78,35,MULTI_MARKET_FINALIST,"{""atr_period"": 14, ""filter_set"": ""Original"", ""max_bars_held"": 10, ""risk_profile"": ""Balanced"", ""sensitivity"": 1.0, ""stop_loss_percent"": 3.0, ""take_profit_percent"": 8.0}"
56,"reports\multi_market_strategy_arena_v2.json|MM-0012|MULTI|{""atr_period"": 10, ""filter_set"": ""Original"", ""max_bars_held"": 30, ""risk_profile"": ""Trend"", ""sensitivity"": 0.8, ""stop_loss_percent"": 4.0, ""take_profit_percent"": 10.0}",MM-0012,LONG,MULTI,reports\multi_market_strategy_arena_v2.json,30.1504,2.7481,2.2955,1.4,77.78,42,MULTI_MARKET_FINALIST,"{""atr_period"": 10, ""filter_set"": ""Original"", ""max_bars_held"": 30, ""risk_profile"": ""Trend"", ""sensitivity"": 0.8, ""stop_loss_percent"": 4.0, ""take_profit_percent"": 10.0}"
57,"reports\arena_v3_results.json|V3-000780|MULTI|{""atr_period"": 14, ""filter_set"": ""Original"", ""max_bars_held"": 10, ""sensitivity"": 0.5, ""stop_loss_percent"": 1.5, ""take_profit_percent"": 12.0}",V3-000780,LONG,MULTI,reports\arena_v3_results.json,30.0976,1.661,1.8512,1.4169,87.5,34,WALK_FORWARD_FINALIST,"{""atr_period"": 14, ""filter_set"": ""Original"", ""max_bars_held"": 10, ""sensitivity"": 0.5, ""stop_loss_percent"": 1.5, ""take_profit_percent"": 12.0}"
58,"reports\arena_v3_results.json|V3-000955|MULTI|{""atr_period"": 16, ""filter_set"": ""Original"", ""max_bars_held"": 15, ""sensitivity"": 0.5, ""stop_loss_percent"": 1.5, ""take_profit_percent"": 12.0}",V3-000955,LONG,MULTI,reports\arena_v3_results.json,30.0849,1.6687,1.8524,1.4032,87.5,34,WALK_FORWARD_FINALIST,"{""atr_period"": 16, ""filter_set"": ""Original"", ""max_bars_held"": 15, ""sensitivity"": 0.5, ""stop_loss_percent"": 1.5, ""take_profit_percent"": 12.0}"
59,"reports\arena_v3_results.json|V3-000505|MULTI|{""atr_period"": 10, ""filter_set"": ""Original"", ""max_bars_held"": 15, ""sensitivity"": 0.5, ""stop_loss_percent"": 1.5, ""take_profit_percent"": 12.0}",V3-000505,LONG,MULTI,reports\arena_v3_results.json,29.9885,1.7228,1.8456,1.4278,84.38,33,WALK_FORWARD_FINALIST,"{""atr_period"": 10, ""filter_set"": ""Original"", ""max_bars_held"": 15, ""sensitivity"": 0.5, ""stop_loss_percent"": 1.5, ""take_profit_percent"": 12.0}"
60,"reports\arena_v3_results.json|V3-000530|MULTI|{""atr_period"": 10, ""filter_set"": ""Original"", ""max_bars_held"": 20, ""sensitivity"": 0.5, ""stop_loss_percent"": 1.5, ""take_profit_percent"": 12.0}",V3-000530,LONG,MULTI,reports\arena_v3_results.json,29.9664,1.7228,1.8456,1.4278,84.38,33,WALK_FORWARD_FINALIST,"{""atr_period"": 10, ""filter_set"": ""Original"", ""max_bars_held"": 20, ""sensitivity"": 0.5, ""stop_loss_percent"": 1.5, ""take_profit_percent"": 12.0}"
61,"reports\arena_v3_results.json|V3-000555|MULTI|{""atr_period"": 10, ""filter_set"": ""Original"", ""max_bars_held"": 30, ""sensitivity"": 0.5, ""stop_loss_percent"": 1.5, ""take_profit_percent"": 12.0}",V3-000555,LONG,MULTI,reports\arena_v3_results.json,29.9664,1.7228,1.8456,1.4278,84.38,33,WALK_FORWARD_FINALIST,"{""atr_period"": 10, ""filter_set"": ""Original"", ""max_bars_held"": 30, ""sensitivity"": 0.5, ""stop_loss_percent"": 1.5, ""take_profit_percent"": 12.0}"
62,"reports\arena_v3_results.json|V3-000580|MULTI|{""atr_period"": 10, ""filter_set"": ""Original"", ""max_bars_held"": 40, ""sensitivity"": 0.5, ""stop_loss_percent"": 1.5, ""take_profit_percent"": 12.0}",V3-000580,LONG,MULTI,reports\arena_v3_results.json,29.9664,1.7228,1.8456,1.4278,84.38,33,WALK_FORWARD_FINALIST,"{""atr_period"": 10, ""filter_set"": ""Original"", ""max_bars_held"": 40, ""sensitivity"": 0.5, ""stop_loss_percent"": 1.5, ""take_profit_percent"": 12.0}"
63,"reports\arena_v3_results.json|V3-000902|MULTI|{""atr_period"": 16, ""filter_set"": ""Original"", ""max_bars_held"": 5, ""sensitivity"": 0.5, ""stop_loss_percent"": 1.5, ""take_profit_percent"": 6.0}",V3-000902,LONG,MULTI,reports\arena_v3_results.json,29.9514,1.4523,1.5924,1.468,81.25,34,WALK_FORWARD_FINALIST,"{""atr_period"": 16, ""filter_set"": ""Original"", ""max_bars_held"": 5, ""sensitivity"": 0.5, ""stop_loss_percent"": 1.5, ""take_profit_percent"": 6.0}"
64,"reports\arena_v3_results.json|V3-000180|MULTI|{""atr_period"": 7, ""filter_set"": ""Original"", ""max_bars_held"": 10, ""sensitivity"": 0.5, ""stop_loss_percent"": 1.5, ""take_profit_percent"": 12.0}",V3-000180,LONG,MULTI,reports\arena_v3_results.json,29.9407,1.725,1.928,1.4145,87.5,33,WALK_FORWARD_FINALIST,"{""atr_period"": 7, ""filter_set"": ""Original"", ""max_bars_held"": 10, ""sensitivity"": 0.5, ""stop_loss_percent"": 1.5, ""take_profit_percent"": 12.0}"
65,"reports\arena_v3_results.json|V3-000179|MULTI|{""atr_period"": 7, ""filter_set"": ""Original"", ""max_bars_held"": 10, ""sensitivity"": 0.5, ""stop_loss_percent"": 1.5, ""take_profit_percent"": 10.0}",V3-000179,LONG,MULTI,reports\arena_v3_results.json,29.9347,1.7196,1.928,1.4215,87.5,33,WALK_FORWARD_FINALIST,"{""atr_period"": 7, ""filter_set"": ""Original"", ""max_bars_held"": 10, ""sensitivity"": 0.5, ""stop_loss_percent"": 1.5, ""take_profit_percent"": 10.0}"
66,"reports\arena_v3_results.json|V3-000504|MULTI|{""atr_period"": 10, ""filter_set"": ""Original"", ""max_bars_held"": 15, ""sensitivity"": 0.5, ""stop_loss_percent"": 1.5, ""take_profit_percent"": 10.0}",V3-000504,LONG,MULTI,reports\arena_v3_results.json,29.9202,1.7689,1.8456,1.4115,84.38,33,WALK_FORWARD_FINALIST,"{""atr_period"": 10, ""filter_set"": ""Original"", ""max_bars_held"": 15, ""sensitivity"": 0.5, ""stop_loss_percent"": 1.5, ""take_profit_percent"": 10.0}"
67,"reports\arena_v3_results.json|V3-000979|MULTI|{""atr_period"": 16, ""filter_set"": ""Original"", ""max_bars_held"": 20, ""sensitivity"": 0.5, ""stop_loss_percent"": 1.5, ""take_profit_percent"": 10.0}",V3-000979,LONG,MULTI,reports\arena_v3_results.json,29.9083,1.6182,1.8769,1.407,87.5,34,WALK_FORWARD_FINALIST,"{""atr_period"": 16, ""filter_set"": ""Original"", ""max_bars_held"": 20, ""sensitivity"": 0.5, ""stop_loss_percent"": 1.5, ""take_profit_percent"": 10.0}"
68,"reports\multi_market_strategy_arena_v2.json|MM-0109|MULTI|{""atr_period"": 7, ""filter_set"": ""RSI"", ""max_bars_held"": 10, ""risk_profile"": ""Balanced"", ""sensitivity"": 0.8, ""stop_loss_percent"": 3.0, ""take_profit_percent"": 8.0}",MM-0109,LONG,MULTI,reports\multi_market_strategy_arena_v2.json,29.8996,1.8891,1.4523,1.5398,66.67,28,MULTI_MARKET_FINALIST,"{""atr_period"": 7, ""filter_set"": ""RSI"", ""max_bars_held"": 10, ""risk_profile"": ""Balanced"", ""sensitivity"": 0.8, ""stop_loss_percent"": 3.0, ""take_profit_percent"": 8.0}"
69,"reports\arena_v3_results.json|V3-000630|MULTI|{""atr_period"": 12, ""filter_set"": ""Original"", ""max_bars_held"": 10, ""sensitivity"": 0.5, ""stop_loss_percent"": 1.5, ""take_profit_percent"": 12.0}",V3-000630,LONG,MULTI,reports\arena_v3_results.json,29.8635,1.6383,1.8364,1.3991,87.5,34,WALK_FORWARD_FINALIST,"{""atr_period"": 12, ""filter_set"": ""Original"", ""max_bars_held"": 10, ""sensitivity"": 0.5, ""stop_loss_percent"": 1.5, ""take_profit_percent"": 12.0}"
70,"reports\arena_v3_results.json|V3-000205|MULTI|{""atr_period"": 7, ""filter_set"": ""Original"", ""max_bars_held"": 15, ""sensitivity"": 0.5, ""stop_loss_percent"": 1.5, ""take_profit_percent"": 12.0}",V3-000205,LONG,MULTI,reports\arena_v3_results.json,29.8535,1.689,1.928,1.4149,87.5,33,WALK_FORWARD_FINALIST,"{""atr_period"": 7, ""filter_set"": ""Original"", ""max_bars_held"": 15, ""sensitivity"": 0.5, ""stop_loss_percent"": 1.5, ""take_profit_percent"": 12.0}"
71,"reports\arena_v3_results.json|V3-000779|MULTI|{""atr_period"": 14, ""filter_set"": ""Original"", ""max_bars_held"": 10, ""sensitivity"": 0.5, ""stop_loss_percent"": 1.5, ""take_profit_percent"": 10.0}",V3-000779,LONG,MULTI,reports\arena_v3_results.json,29.8534,1.7445,1.8512,1.4268,84.38,34,WALK_FORWARD_FINALIST,"{""atr_period"": 14, ""filter_set"": ""Original"", ""max_bars_held"": 10, ""sensitivity"": 0.5, ""stop_loss_percent"": 1.5, ""take_profit_percent"": 10.0}"
72,"reports\arena_v3_results.json|V3-000204|MULTI|{""atr_period"": 7, ""filter_set"": ""Original"", ""max_bars_held"": 15, ""sensitivity"": 0.5, ""stop_loss_percent"": 1.5, ""take_profit_percent"": 10.0}",V3-000204,LONG,MULTI,reports\arena_v3_results.json,29.7663,1.7007,1.928,1.407,87.5,33,WALK_FORWARD_FINALIST,"{""atr_period"": 7, ""filter_set"": ""Original"", ""max_bars_held"": 15, ""sensitivity"": 0.5, ""stop_loss_percent"": 1.5, ""take_profit_percent"": 10.0}"
73,"reports\arena_v3_results.json|V3-000230|MULTI|{""atr_period"": 7, ""filter_set"": ""Original"", ""max_bars_held"": 20, ""sensitivity"": 0.5, ""stop_loss_percent"": 1.5, ""take_profit_percent"": 12.0}",V3-000230,LONG,MULTI,reports\arena_v3_results.json,29.7625,1.6759,1.928,1.4112,87.5,33,WALK_FORWARD_FINALIST,"{""atr_period"": 7, ""filter_set"": ""Original"", ""max_bars_held"": 20, ""sensitivity"": 0.5, ""stop_loss_percent"": 1.5, ""take_profit_percent"": 12.0}"
74,"reports\arena_v3_results.json|V3-000255|MULTI|{""atr_period"": 7, ""filter_set"": ""Original"", ""max_bars_held"": 30, ""sensitivity"": 0.5, ""stop_loss_percent"": 1.5, ""take_profit_percent"": 12.0}",V3-000255,LONG,MULTI,reports\arena_v3_results.json,29.7625,1.6759,1.928,1.4112,87.5,33,WALK_FORWARD_FINALIST,"{""atr_period"": 7, ""filter_set"": ""Original"", ""max_bars_held"": 30, ""sensitivity"": 0.5, ""stop_loss_percent"": 1.5, ""take_profit_percent"": 12.0}"
75,"reports\arena_v3_results.json|V3-000280|MULTI|{""atr_period"": 7, ""filter_set"": ""Original"", ""max_bars_held"": 40, ""sensitivity"": 0.5, ""stop_loss_percent"": 1.5, ""take_profit_percent"": 12.0}",V3-000280,LONG,MULTI,reports\arena_v3_results.json,29.7625,1.6759,1.928,1.4112,87.5,33,WALK_FORWARD_FINALIST,"{""atr_period"": 7, ""filter_set"": ""Original"", ""max_bars_held"": 40, ""sensitivity"": 0.5, ""stop_loss_percent"": 1.5, ""take_profit_percent"": 12.0}"
76,"reports\arena_v3_results.json|V3-000629|MULTI|{""atr_period"": 12, ""filter_set"": ""Original"", ""max_bars_held"": 10, ""sensitivity"": 0.5, ""stop_loss_percent"": 1.5, ""take_profit_percent"": 10.0}",V3-000629,LONG,MULTI,reports\arena_v3_results.json,29.724,1.7446,1.8364,1.4232,84.38,34,WALK_FORWARD_FINALIST,"{""atr_period"": 12, ""filter_set"": ""Original"", ""max_bars_held"": 10, ""sensitivity"": 0.5, ""stop_loss_percent"": 1.5, ""take_profit_percent"": 10.0}"
77,"reports\arena_v3_results.json|V3-000529|MULTI|{""atr_period"": 10, ""filter_set"": ""Original"", ""max_bars_held"": 20, ""sensitivity"": 0.5, ""stop_loss_percent"": 1.5, ""take_profit_percent"": 10.0}",V3-000529,LONG,MULTI,reports\arena_v3_results.json,29.6979,1.7264,1.8456,1.4017,84.38,33,WALK_FORWARD_FINALIST,"{""atr_period"": 10, ""filter_set"": ""Original"", ""max_bars_held"": 20, ""sensitivity"": 0.5, ""stop_loss_percent"": 1.5, ""take_profit_percent"": 10.0}"
78,"reports\arena_v3_results.json|V3-000554|MULTI|{""atr_period"": 10, ""filter_set"": ""Original"", ""max_bars_held"": 30, ""sensitivity"": 0.5, ""stop_loss_percent"": 1.5, ""take_profit_percent"": 10.0}",V3-000554,LONG,MULTI,reports\arena_v3_results.json,29.6979,1.7264,1.8456,1.4017,84.38,33,WALK_FORWARD_FINALIST,"{""atr_period"": 10, ""filter_set"": ""Original"", ""max_bars_held"": 30, ""sensitivity"": 0.5, ""stop_loss_percent"": 1.5, ""take_profit_percent"": 10.0}"
79,"reports\arena_v3_results.json|V3-000579|MULTI|{""atr_period"": 10, ""filter_set"": ""Original"", ""max_bars_held"": 40, ""sensitivity"": 0.5, ""stop_loss_percent"": 1.5, ""take_profit_percent"": 10.0}",V3-000579,LONG,MULTI,reports\arena_v3_results.json,29.6979,1.7264,1.8456,1.4017,84.38,33,WALK_FORWARD_FINALIST,"{""atr_period"": 10, ""filter_set"": ""Original"", ""max_bars_held"": 40, ""sensitivity"": 0.5, ""stop_loss_percent"": 1.5, ""take_profit_percent"": 10.0}"
80,"reports\arena_v3_results.json|V3-000804|MULTI|{""atr_period"": 14, ""filter_set"": ""Original"", ""max_bars_held"": 15, ""sensitivity"": 0.5, ""stop_loss_percent"": 1.5, ""take_profit_percent"": 10.0}",V3-000804,LONG,MULTI,reports\arena_v3_results.json,29.6924,1.7653,1.8524,1.4126,84.38,34,WALK_FORWARD_FINALIST,"{""atr_period"": 14, ""filter_set"": ""Original"", ""max_bars_held"": 15, ""sensitivity"": 0.5, ""stop_loss_percent"": 1.5, ""take_profit_percent"": 10.0}"
81,"reports\arena_v3_results.json|V3-000980|MULTI|{""atr_period"": 16, ""filter_set"": ""Original"", ""max_bars_held"": 20, ""sensitivity"": 0.5, ""stop_loss_percent"": 1.5, ""take_profit_percent"": 12.0}",V3-000980,LONG,MULTI,reports\arena_v3_results.json,29.6469,1.605,1.8769,1.3827,87.5,34,WALK_FORWARD_FINALIST,"{""atr_period"": 16, ""filter_set"": ""Original"", ""max_bars_held"": 20, ""sensitivity"": 0.5, ""stop_loss_percent"": 1.5, ""take_profit_percent"": 12.0}"
82,"reports\arena_v3_results.json|V3-000229|MULTI|{""atr_period"": 7, ""filter_set"": ""Original"", ""max_bars_held"": 20, ""sensitivity"": 0.5, ""stop_loss_percent"": 1.5, ""take_profit_percent"": 10.0}",V3-000229,LONG,MULTI,reports\arena_v3_results.json,29.5539,1.6356,1.928,1.407,87.5,33,WALK_FORWARD_FINALIST,"{""atr_period"": 7, ""filter_set"": ""Original"", ""max_bars_held"": 20, ""sensitivity"": 0.5, ""stop_loss_percent"": 1.5, ""take_profit_percent"": 10.0}"
83,"reports\arena_v3_results.json|V3-000254|MULTI|{""atr_period"": 7, ""filter_set"": ""Original"", ""max_bars_held"": 30, ""sensitivity"": 0.5, ""stop_loss_percent"": 1.5, ""take_profit_percent"": 10.0}",V3-000254,LONG,MULTI,reports\arena_v3_results.json,29.5539,1.6356,1.928,1.407,87.5,33,WALK_FORWARD_FINALIST,"{""atr_period"": 7, ""filter_set"": ""Original"", ""max_bars_held"": 30, ""sensitivity"": 0.5, ""stop_loss_percent"": 1.5, ""take_profit_percent"": 10.0}"
84,"reports\arena_v3_results.json|V3-000279|MULTI|{""atr_period"": 7, ""filter_set"": ""Original"", ""max_bars_held"": 40, ""sensitivity"": 0.5, ""stop_loss_percent"": 1.5, ""take_profit_percent"": 10.0}",V3-000279,LONG,MULTI,reports\arena_v3_results.json,29.5539,1.6356,1.928,1.407,87.5,33,WALK_FORWARD_FINALIST,"{""atr_period"": 7, ""filter_set"": ""Original"", ""max_bars_held"": 40, ""sensitivity"": 0.5, ""stop_loss_percent"": 1.5, ""take_profit_percent"": 10.0}"
85,"reports\arena_v3_results.json|V3-000953|MULTI|{""atr_period"": 16, ""filter_set"": ""Original"", ""max_bars_held"": 15, ""sensitivity"": 0.5, ""stop_loss_percent"": 1.5, ""take_profit_percent"": 8.0}",V3-000953,LONG,MULTI,reports\arena_v3_results.json,29.5227,1.636,1.8542,1.47,84.38,34,WALK_FORWARD_FINALIST,"{""atr_period"": 16, ""filter_set"": ""Original"", ""max_bars_held"": 15, ""sensitivity"": 0.5, ""stop_loss_percent"": 1.5, ""take_profit_percent"": 8.0}"
86,"reports\arena_v3_results.json|V3-000978|MULTI|{""atr_period"": 16, ""filter_set"": ""Original"", ""max_bars_held"": 20, ""sensitivity"": 0.5, ""stop_loss_percent"": 1.5, ""take_profit_percent"": 8.0}",V3-000978,LONG,MULTI,reports\arena_v3_results.json,29.5171,1.636,1.8542,1.47,84.38,34,WALK_FORWARD_FINALIST,"{""atr_period"": 16, ""filter_set"": ""Original"", ""max_bars_held"": 20, ""sensitivity"": 0.5, ""stop_loss_percent"": 1.5, ""take_profit_percent"": 8.0}"
87,"reports\arena_v3_results.json|V3-000928|MULTI|{""atr_period"": 16, ""filter_set"": ""Original"", ""max_bars_held"": 10, ""sensitivity"": 0.5, ""stop_loss_percent"": 1.5, ""take_profit_percent"": 8.0}",V3-000928,LONG,MULTI,reports\arena_v3_results.json,29.4784,1.6714,1.8542,1.4451,84.38,34,WALK_FORWARD_FINALIST,"{""atr_period"": 16, ""filter_set"": ""Original"", ""max_bars_held"": 10, ""sensitivity"": 0.5, ""stop_loss_percent"": 1.5, ""take_profit_percent"": 8.0}"
88,"reports\arena_v3_results.json|V3-000829|MULTI|{""atr_period"": 14, ""filter_set"": ""Original"", ""max_bars_held"": 20, ""sensitivity"": 0.5, ""stop_loss_percent"": 1.5, ""take_profit_percent"": 10.0}",V3-000829,LONG,MULTI,reports\arena_v3_results.json,29.4708,1.7167,1.8524,1.4053,84.38,34,WALK_FORWARD_FINALIST,"{""atr_period"": 14, ""filter_set"": ""Original"", ""max_bars_held"": 20, ""sensitivity"": 0.5, ""stop_loss_percent"": 1.5, ""take_profit_percent"": 10.0}"
89,"reports\arena_v3_results.json|V3-000854|MULTI|{""atr_period"": 14, ""filter_set"": ""Original"", ""max_bars_held"": 30, ""sensitivity"": 0.5, ""stop_loss_percent"": 1.5, ""take_profit_percent"": 10.0}",V3-000854,LONG,MULTI,reports\arena_v3_results.json,29.4708,1.7167,1.8524,1.4053,84.38,34,WALK_FORWARD_FINALIST,"{""atr_period"": 14, ""filter_set"": ""Original"", ""max_bars_held"": 30, ""sensitivity"": 0.5, ""stop_loss_percent"": 1.5, ""take_profit_percent"": 10.0}"
90,"reports\arena_v3_results.json|V3-000879|MULTI|{""atr_period"": 14, ""filter_set"": ""Original"", ""max_bars_held"": 40, ""sensitivity"": 0.5, ""stop_loss_percent"": 1.5, ""take_profit_percent"": 10.0}",V3-000879,LONG,MULTI,reports\arena_v3_results.json,29.4708,1.7167,1.8524,1.4053,84.38,34,WALK_FORWARD_FINALIST,"{""atr_period"": 14, ""filter_set"": ""Original"", ""max_bars_held"": 40, ""sensitivity"": 0.5, ""stop_loss_percent"": 1.5, ""take_profit_percent"": 10.0}"
91,"reports\arena_v3_results.json|V3-000478|MULTI|{""atr_period"": 10, ""filter_set"": ""Original"", ""max_bars_held"": 10, ""sensitivity"": 0.5, ""stop_loss_percent"": 1.5, ""take_profit_percent"": 8.0}",V3-000478,LONG,MULTI,reports\arena_v3_results.json,29.4084,1.6254,1.8394,1.4537,84.38,33,WALK_FORWARD_FINALIST,"{""atr_period"": 10, ""filter_set"": ""Original"", ""max_bars_held"": 10, ""sensitivity"": 0.5, ""stop_loss_percent"": 1.5, ""take_profit_percent"": 8.0}"
92,"reports\arena_v3_results.json|V3-000654|MULTI|{""atr_period"": 12, ""filter_set"": ""Original"", ""max_bars_held"": 15, ""sensitivity"": 0.5, ""stop_loss_percent"": 1.5, ""take_profit_percent"": 10.0}",V3-000654,LONG,MULTI,reports\arena_v3_results.json,29.2926,1.7168,1.9365,1.4099,84.38,34,WALK_FORWARD_FINALIST,"{""atr_period"": 12, ""filter_set"": ""Original"", ""max_bars_held"": 15, ""sensitivity"": 0.5, ""stop_loss_percent"": 1.5, ""take_profit_percent"": 10.0}"
93,"reports\arena_v3_results.json|V3-000503|MULTI|{""atr_period"": 10, ""filter_set"": ""Original"", ""max_bars_held"": 15, ""sensitivity"": 0.5, ""stop_loss_percent"": 1.5, ""take_profit_percent"": 8.0}",V3-000503,LONG,MULTI,reports\arena_v3_results.json,29.2381,1.6172,1.854,1.4421,84.38,33,WALK_FORWARD_FINALIST,"{""atr_period"": 10, ""filter_set"": ""Original"", ""max_bars_held"": 15, ""sensitivity"": 0.5, ""stop_loss_percent"": 1.5, ""take_profit_percent"": 8.0}"
94,"reports\arena_v3_results.json|V3-000528|MULTI|{""atr_period"": 10, ""filter_set"": ""Original"", ""max_bars_held"": 20, ""sensitivity"": 0.5, ""stop_loss_percent"": 1.5, ""take_profit_percent"": 8.0}",V3-000528,LONG,MULTI,reports\arena_v3_results.json,29.2325,1.6172,1.854,1.4421,84.38,33,WALK_FORWARD_FINALIST,"{""atr_period"": 10, ""filter_set"": ""Original"", ""max_bars_held"": 20, ""sensitivity"": 0.5, ""stop_loss_percent"": 1.5, ""take_profit_percent"": 8.0}"
95,"reports\arena_v3_results.json|V3-000553|MULTI|{""atr_period"": 10, ""filter_set"": ""Original"", ""max_bars_held"": 30, ""sensitivity"": 0.5, ""stop_loss_percent"": 1.5, ""take_profit_percent"": 8.0}",V3-000553,LONG,MULTI,reports\arena_v3_results.json,29.2325,1.6172,1.854,1.4421,84.38,33,WALK_FORWARD_FINALIST,"{""atr_period"": 10, ""filter_set"": ""Original"", ""max_bars_held"": 30, ""sensitivity"": 0.5, ""stop_loss_percent"": 1.5, ""take_profit_percent"": 8.0}"
96,"reports\arena_v3_results.json|V3-000578|MULTI|{""atr_period"": 10, ""filter_set"": ""Original"", ""max_bars_held"": 40, ""sensitivity"": 0.5, ""stop_loss_percent"": 1.5, ""take_profit_percent"": 8.0}",V3-000578,LONG,MULTI,reports\arena_v3_results.json,29.2325,1.6172,1.854,1.4421,84.38,33,WALK_FORWARD_FINALIST,"{""atr_period"": 10, ""filter_set"": ""Original"", ""max_bars_held"": 40, ""sensitivity"": 0.5, ""stop_loss_percent"": 1.5, ""take_profit_percent"": 8.0}"
97,"reports\arena_v3_results.json|V3-000015|MULTI|{""atr_period"": 5, ""filter_set"": ""Original"", ""max_bars_held"": 5, ""sensitivity"": 0.5, ""stop_loss_percent"": 2.5, ""take_profit_percent"": 12.0}",V3-000015,LONG,MULTI,reports\arena_v3_results.json,29.2285,2.0964,1.8588,1.416,81.25,33,WALK_FORWARD_FINALIST,"{""atr_period"": 5, ""filter_set"": ""Original"", ""max_bars_held"": 5, ""sensitivity"": 0.5, ""stop_loss_percent"": 2.5, ""take_profit_percent"": 12.0}"
98,"reports\arena_v3_results.json|V3-000805|MULTI|{""atr_period"": 14, ""filter_set"": ""Original"", ""max_bars_held"": 15, ""sensitivity"": 0.5, ""stop_loss_percent"": 1.5, ""take_profit_percent"": 12.0}",V3-000805,LONG,MULTI,reports\arena_v3_results.json,29.2136,1.6687,1.8524,1.3935,84.38,34,WALK_FORWARD_FINALIST,"{""atr_period"": 14, ""filter_set"": ""Original"", ""max_bars_held"": 15, ""sensitivity"": 0.5, ""stop_loss_percent"": 1.5, ""take_profit_percent"": 12.0}"
99,"reports\arena_v3_results.json|V3-000778|MULTI|{""atr_period"": 14, ""filter_set"": ""Original"", ""max_bars_held"": 10, ""sensitivity"": 0.5, ""stop_loss_percent"": 1.5, ""take_profit_percent"": 8.0}",V3-000778,LONG,MULTI,reports\arena_v3_results.json,29.1161,1.6103,1.8542,1.4421,84.38,34,WALK_FORWARD_FINALIST,"{""atr_period"": 14, ""filter_set"": ""Original"", ""max_bars_held"": 10, ""sensitivity"": 0.5, ""stop_loss_percent"": 1.5, ""take_profit_percent"": 8.0}"
100,"reports\arena_v3_results.json|V3-000679|MULTI|{""atr_period"": 12, ""filter_set"": ""Original"", ""max_bars_held"": 20, ""sensitivity"": 0.5, ""stop_loss_percent"": 1.5, ""take_profit_percent"": 10.0}",V3-000679,LONG,MULTI,reports\arena_v3_results.json,29.0999,1.6772,1.9365,1.4027,84.38,34,WALK_FORWARD_FINALIST,"{""atr_period"": 12, ""filter_set"": ""Original"", ""max_bars_held"": 20, ""sensitivity"": 0.5, ""stop_loss_percent"": 1.5, ""take_profit_percent"": 10.0}"
101,"reports\arena_v3_results.json|V3-000704|MULTI|{""atr_period"": 12, ""filter_set"": ""Original"", ""max_bars_held"": 30, ""sensitivity"": 0.5, ""stop_loss_percent"": 1.5, ""take_profit_percent"": 10.0}",V3-000704,LONG,MULTI,reports\arena_v3_results.json,29.0999,1.6772,1.9365,1.4027,84.38,34,WALK_FORWARD_FINALIST,"{""atr_period"": 12, ""filter_set"": ""Original"", ""max_bars_held"": 30, ""sensitivity"": 0.5, ""stop_loss_percent"": 1.5, ""take_profit_percent"": 10.0}"
102,"reports\arena_v3_results.json|V3-000729|MULTI|{""atr_period"": 12, ""filter_set"": ""Original"", ""max_bars_held"": 40, ""sensitivity"": 0.5, ""stop_loss_percent"": 1.5, ""take_profit_percent"": 10.0}",V3-000729,LONG,MULTI,reports\arena_v3_results.json,29.0999,1.6772,1.9365,1.4027,84.38,34,WALK_FORWARD_FINALIST,"{""atr_period"": 12, ""filter_set"": ""Original"", ""max_bars_held"": 40, ""sensitivity"": 0.5, ""stop_loss_percent"": 1.5, ""take_profit_percent"": 10.0}"
103,"reports\arena_v3_results.json|V3-000030|MULTI|{""atr_period"": 5, ""filter_set"": ""Original"", ""max_bars_held"": 10, ""sensitivity"": 0.5, ""stop_loss_percent"": 1.5, ""take_profit_percent"": 12.0}",V3-000030,LONG,MULTI,reports\arena_v3_results.json,29.0579,1.5978,1.8864,1.4203,84.38,33,WALK_FORWARD_FINALIST,"{""atr_period"": 5, ""filter_set"": ""Original"", ""max_bars_held"": 10, ""sensitivity"": 0.5, ""stop_loss_percent"": 1.5, ""take_profit_percent"": 12.0}"
104,"reports\arena_v3_results.json|V3-000002|MULTI|{""atr_period"": 5, ""filter_set"": ""Original"", ""max_bars_held"": 5, ""sensitivity"": 0.5, ""stop_loss_percent"": 1.5, ""take_profit_percent"": 6.0}",V3-000002,LONG,MULTI,reports\arena_v3_results.json,29.0176,1.3201,1.4176,1.4467,81.25,33,WALK_FORWARD_FINALIST,"{""atr_period"": 5, ""filter_set"": ""Original"", ""max_bars_held"": 5, ""sensitivity"": 0.5, ""stop_loss_percent"": 1.5, ""take_profit_percent"": 6.0}"
105,"reports\arena_v3_results.json|V3-000054|MULTI|{""atr_period"": 5, ""filter_set"": ""Original"", ""max_bars_held"": 15, ""sensitivity"": 0.5, ""stop_loss_percent"": 1.5, ""take_profit_percent"": 10.0}",V3-000054,LONG,MULTI,reports\arena_v3_results.json,29.0104,1.7241,1.8864,1.3811,84.38,33,WALK_FORWARD_FINALIST,"{""atr_period"": 5, ""filter_set"": ""Original"", ""max_bars_held"": 15, ""sensitivity"": 0.5, ""stop_loss_percent"": 1.5, ""take_profit_percent"": 10.0}"
106,"reports\arena_v3_results.json|V3-000803|MULTI|{""atr_period"": 14, ""filter_set"": ""Original"", ""max_bars_held"": 15, ""sensitivity"": 0.5, ""stop_loss_percent"": 1.5, ""take_profit_percent"": 8.0}",V3-000803,LONG,MULTI,reports\arena_v3_results.json,29.0009,1.575,1.8542,1.4466,84.38,34,WALK_FORWARD_FINALIST,"{""atr_period"": 14, ""filter_set"": ""Original"", ""max_bars_held"": 15, ""sensitivity"": 0.5, ""stop_loss_percent"": 1.5, ""take_profit_percent"": 8.0}"
107,"reports\arena_v3_results.json|V3-000655|MULTI|{""atr_period"": 12, ""filter_set"": ""Original"", ""max_bars_held"": 15, ""sensitivity"": 0.5, ""stop_loss_percent"": 1.5, ""take_profit_percent"": 12.0}",V3-000655,LONG,MULTI,reports\arena_v3_results.json,28.9972,1.6342,1.9365,1.3988,84.38,34,WALK_FORWARD_FINALIST,"{""atr_period"": 12, ""filter_set"": ""Original"", ""max_bars_held"": 15, ""sensitivity"": 0.5, ""stop_loss_percent"": 1.5, ""take_profit_percent"": 12.0}"
108,"reports\arena_v3_results.json|V3-000828|MULTI|{""atr_period"": 14, ""filter_set"": ""Original"", ""max_bars_held"": 20, ""sensitivity"": 0.5, ""stop_loss_percent"": 1.5, ""take_profit_percent"": 8.0}",V3-000828,LONG,MULTI,reports\arena_v3_results.json,28.9952,1.575,1.8542,1.4466,84.38,34,WALK_FORWARD_FINALIST,"{""atr_period"": 14, ""filter_set"": ""Original"", ""max_bars_held"": 20, ""sensitivity"": 0.5, ""stop_loss_percent"": 1.5, ""take_profit_percent"": 8.0}"
109,"reports\arena_v3_results.json|V3-000853|MULTI|{""atr_period"": 14, ""filter_set"": ""Original"", ""max_bars_held"": 30, ""sensitivity"": 0.5, ""stop_loss_percent"": 1.5, ""take_profit_percent"": 8.0}",V3-000853,LONG,MULTI,reports\arena_v3_results.json,28.9952,1.575,1.8542,1.4466,84.38,34,WALK_FORWARD_FINALIST,"{""atr_period"": 14, ""filter_set"": ""Original"", ""max_bars_held"": 30, ""sensitivity"": 0.5, ""stop_loss_percent"": 1.5, ""take_profit_percent"": 8.0}"
110,"reports\arena_v3_results.json|V3-000878|MULTI|{""atr_period"": 14, ""filter_set"": ""Original"", ""max_bars_held"": 40, ""sensitivity"": 0.5, ""stop_loss_percent"": 1.5, ""take_profit_percent"": 8.0}",V3-000878,LONG,MULTI,reports\arena_v3_results.json,28.9952,1.575,1.8542,1.4466,84.38,34,WALK_FORWARD_FINALIST,"{""atr_period"": 14, ""filter_set"": ""Original"", ""max_bars_held"": 40, ""sensitivity"": 0.5, ""stop_loss_percent"": 1.5, ""take_profit_percent"": 8.0}"
111,"reports\arena_v3_results.json|V3-000178|MULTI|{""atr_period"": 7, ""filter_set"": ""Original"", ""max_bars_held"": 10, ""sensitivity"": 0.5, ""stop_loss_percent"": 1.5, ""take_profit_percent"": 8.0}",V3-000178,LONG,MULTI,reports\arena_v3_results.json,28.9738,1.5299,1.928,1.4266,87.5,33,WALK_FORWARD_FINALIST,"{""atr_period"": 7, ""filter_set"": ""Original"", ""max_bars_held"": 10, ""sensitivity"": 0.5, ""stop_loss_percent"": 1.5, ""take_profit_percent"": 8.0}"
112,"reports\arena_v3_results.json|V3-000330|MULTI|{""atr_period"": 8, ""filter_set"": ""Original"", ""max_bars_held"": 10, ""sensitivity"": 0.5, ""stop_loss_percent"": 1.5, ""take_profit_percent"": 12.0}",V3-000330,LONG,MULTI,reports\arena_v3_results.json,28.9596,1.6065,1.9803,1.4317,84.38,33,WALK_FORWARD_FINALIST,"{""atr_period"": 8, ""filter_set"": ""Original"", ""max_bars_held"": 10, ""sensitivity"": 0.5, ""stop_loss_percent"": 1.5, ""take_profit_percent"": 12.0}"
113,"reports\arena_v3_results.json|V3-000055|MULTI|{""atr_period"": 5, ""filter_set"": ""Original"", ""max_bars_held"": 15, ""sensitivity"": 0.5, ""stop_loss_percent"": 1.5, ""take_profit_percent"": 12.0}",V3-000055,LONG,MULTI,reports\arena_v3_results.json,28.939,1.5978,1.8864,1.4041,84.38,33,WALK_FORWARD_FINALIST,"{""atr_period"": 5, ""filter_set"": ""Original"", ""max_bars_held"": 15, ""sensitivity"": 0.5, ""stop_loss_percent"": 1.5, ""take_profit_percent"": 12.0}"
114,"reports\arena_v3_results.json|V3-000355|MULTI|{""atr_period"": 8, ""filter_set"": ""Original"", ""max_bars_held"": 15, ""sensitivity"": 0.5, ""stop_loss_percent"": 1.5, ""take_profit_percent"": 12.0}",V3-000355,LONG,MULTI,reports\arena_v3_results.json,28.9139,1.643,1.9803,1.4112,84.38,33,WALK_FORWARD_FINALIST,"{""atr_period"": 8, ""filter_set"": ""Original"", ""max_bars_held"": 15, ""sensitivity"": 0.5, ""stop_loss_percent"": 1.5, ""take_profit_percent"": 12.0}"
115,"reports\arena_v3_results.json|V3-000080|MULTI|{""atr_period"": 5, ""filter_set"": ""Original"", ""max_bars_held"": 20, ""sensitivity"": 0.5, ""stop_loss_percent"": 1.5, ""take_profit_percent"": 12.0}",V3-000080,LONG,MULTI,reports\arena_v3_results.json,28.9113,1.5978,1.8864,1.4041,84.38,33,WALK_FORWARD_FINALIST,"{""atr_period"": 5, ""filter_set"": ""Original"", ""max_bars_held"": 20, ""sensitivity"": 0.5, ""stop_loss_percent"": 1.5, ""take_profit_percent"": 12.0}"
116,"reports\arena_v3_results.json|V3-000105|MULTI|{""atr_period"": 5, ""filter_set"": ""Original"", ""max_bars_held"": 30, ""sensitivity"": 0.5, ""stop_loss_percent"": 1.5, ""take_profit_percent"": 12.0}",V3-000105,LONG,MULTI,reports\arena_v3_results.json,28.9113,1.5978,1.8864,1.4041,84.38,33,WALK_FORWARD_FINALIST,"{""atr_period"": 5, ""filter_set"": ""Original"", ""max_bars_held"": 30, ""sensitivity"": 0.5, ""stop_loss_percent"": 1.5, ""take_profit_percent"": 12.0}"
117,"reports\arena_v3_results.json|V3-000130|MULTI|{""atr_period"": 5, ""filter_set"": ""Original"", ""max_bars_held"": 40, ""sensitivity"": 0.5, ""stop_loss_percent"": 1.5, ""take_profit_percent"": 12.0}",V3-000130,LONG,MULTI,reports\arena_v3_results.json,28.9113,1.5978,1.8864,1.4041,84.38,33,WALK_FORWARD_FINALIST,"{""atr_period"": 5, ""filter_set"": ""Original"", ""max_bars_held"": 40, ""sensitivity"": 0.5, ""stop_loss_percent"": 1.5, ""take_profit_percent"": 12.0}"
118,"reports\arena_v3_results.json|V3-000329|MULTI|{""atr_period"": 8, ""filter_set"": ""Original"", ""max_bars_held"": 10, ""sensitivity"": 0.5, ""stop_loss_percent"": 1.5, ""take_profit_percent"": 10.0}",V3-000329,LONG,MULTI,reports\arena_v3_results.json,28.9073,1.5994,1.9803,1.4299,84.38,33,WALK_FORWARD_FINALIST,"{""atr_period"": 8, ""filter_set"": ""Original"", ""max_bars_held"": 10, ""sensitivity"": 0.5, ""stop_loss_percent"": 1.5, ""take_profit_percent"": 10.0}"
119,"reports\arena_v3_results.json|V3-000203|MULTI|{""atr_period"": 7, ""filter_set"": ""Original"", ""max_bars_held"": 15, ""sensitivity"": 0.5, ""stop_loss_percent"": 1.5, ""take_profit_percent"": 8.0}",V3-000203,LONG,MULTI,reports\arena_v3_results.json,28.902,1.5093,1.928,1.4264,87.5,33,WALK_FORWARD_FINALIST,"{""atr_period"": 7, ""filter_set"": ""Original"", ""max_bars_held"": 15, ""sensitivity"": 0.5, ""stop_loss_percent"": 1.5, ""take_profit_percent"": 8.0}"
120,"reports\arena_v3_results.json|V3-000029|MULTI|{""atr_period"": 5, ""filter_set"": ""Original"", ""max_bars_held"": 10, ""sensitivity"": 0.5, ""stop_loss_percent"": 1.5, ""take_profit_percent"": 10.0}",V3-000029,LONG,MULTI,reports\arena_v3_results.json,28.8815,1.6502,1.8864,1.3922,84.38,33,WALK_FORWARD_FINALIST,"{""atr_period"": 5, ""filter_set"": ""Original"", ""max_bars_held"": 10, ""sensitivity"": 0.5, ""stop_loss_percent"": 1.5, ""take_profit_percent"": 10.0}"
121,"reports\arena_v3_results.json|V3-000752|MULTI|{""atr_period"": 14, ""filter_set"": ""Original"", ""max_bars_held"": 5, ""sensitivity"": 0.5, ""stop_loss_percent"": 1.5, ""take_profit_percent"": 6.0}",V3-000752,LONG,MULTI,reports\arena_v3_results.json,28.8607,1.1589,1.6725,1.4614,81.25,34,WALK_FORWARD_FINALIST,"{""atr_period"": 14, ""filter_set"": ""Original"", ""max_bars_held"": 5, ""sensitivity"": 0.5, ""stop_loss_percent"": 1.5, ""take_profit_percent"": 6.0}"
122,"reports\arena_v3_results.json|V3-000460|MULTI|{""atr_period"": 10, ""filter_set"": ""Original"", ""max_bars_held"": 5, ""sensitivity"": 0.5, ""stop_loss_percent"": 2.0, ""take_profit_percent"": 12.0}",V3-000460,LONG,MULTI,reports\arena_v3_results.json,28.8528,1.8543,1.8152,1.3701,81.25,33,WALK_FORWARD_FINALIST,"{""atr_period"": 10, ""filter_set"": ""Original"", ""max_bars_held"": 5, ""sensitivity"": 0.5, ""stop_loss_percent"": 2.0, ""take_profit_percent"": 12.0}"
123,"reports\arena_v3_results.json|V3-000830|MULTI|{""atr_period"": 14, ""filter_set"": ""Original"", ""max_bars_held"": 20, ""sensitivity"": 0.5, ""stop_loss_percent"": 1.5, ""take_profit_percent"": 12.0}",V3-000830,LONG,MULTI,reports\arena_v3_results.json,28.8357,1.605,1.8524,1.3729,84.38,34,WALK_FORWARD_FINALIST,"{""atr_period"": 14, ""filter_set"": ""Original"", ""max_bars_held"": 20, ""sensitivity"": 0.5, ""stop_loss_percent"": 1.5, ""take_profit_percent"": 12.0}"
124,"reports\arena_v3_results.json|V3-000855|MULTI|{""atr_period"": 14, ""filter_set"": ""Original"", ""max_bars_held"": 30, ""sensitivity"": 0.5, ""stop_loss_percent"": 1.5, ""take_profit_percent"": 12.0}",V3-000855,LONG,MULTI,reports\arena_v3_results.json,28.8357,1.605,1.8524,1.3729,84.38,34,WALK_FORWARD_FINALIST,"{""atr_period"": 14, ""filter_set"": ""Original"", ""max_bars_held"": 30, ""sensitivity"": 0.5, ""stop_loss_percent"": 1.5, ""take_profit_percent"": 12.0}"
125,"reports\arena_v3_results.json|V3-000880|MULTI|{""atr_period"": 14, ""filter_set"": ""Original"", ""max_bars_held"": 40, ""sensitivity"": 0.5, ""stop_loss_percent"": 1.5, ""take_profit_percent"": 12.0}",V3-000880,LONG,MULTI,reports\arena_v3_results.json,28.8357,1.605,1.8524,1.3729,84.38,34,WALK_FORWARD_FINALIST,"{""atr_period"": 14, ""filter_set"": ""Original"", ""max_bars_held"": 40, ""sensitivity"": 0.5, ""stop_loss_percent"": 1.5, ""take_profit_percent"": 12.0}"
126,"reports\arena_v3_results.json|V3-000152|MULTI|{""atr_period"": 7, ""filter_set"": ""Original"", ""max_bars_held"": 5, ""sensitivity"": 0.5, ""stop_loss_percent"": 1.5, ""take_profit_percent"": 6.0}",V3-000152,LONG,MULTI,reports\arena_v3_results.json,28.7932,1.3286,1.4966,1.4167,81.25,33,WALK_FORWARD_FINALIST,"{""atr_period"": 7, ""filter_set"": ""Original"", ""max_bars_held"": 5, ""sensitivity"": 0.5, ""stop_loss_percent"": 1.5, ""take_profit_percent"": 6.0}"
127,"reports\arena_v3_results.json|V3-000680|MULTI|{""atr_period"": 12, ""filter_set"": ""Original"", ""max_bars_held"": 20, ""sensitivity"": 0.5, ""stop_loss_percent"": 1.5, ""take_profit_percent"": 12.0}",V3-000680,LONG,MULTI,reports\arena_v3_results.json,28.7837,1.5704,1.9365,1.3988,84.38,34,WALK_FORWARD_FINALIST,"{""atr_period"": 12, ""filter_set"": ""Original"", ""max_bars_held"": 20, ""sensitivity"": 0.5, ""stop_loss_percent"": 1.5, ""take_profit_percent"": 12.0}"
128,"reports\arena_v3_results.json|V3-000705|MULTI|{""atr_period"": 12, ""filter_set"": ""Original"", ""max_bars_held"": 30, ""sensitivity"": 0.5, ""stop_loss_percent"": 1.5, ""take_profit_percent"": 12.0}",V3-000705,LONG,MULTI,reports\arena_v3_results.json,28.7837,1.5704,1.9365,1.3988,84.38,34,WALK_FORWARD_FINALIST,"{""atr_period"": 12, ""filter_set"": ""Original"", ""max_bars_held"": 30, ""sensitivity"": 0.5, ""stop_loss_percent"": 1.5, ""take_profit_percent"": 12.0}"
129,"reports\arena_v3_results.json|V3-000730|MULTI|{""atr_period"": 12, ""filter_set"": ""Original"", ""max_bars_held"": 40, ""sensitivity"": 0.5, ""stop_loss_percent"": 1.5, ""take_profit_percent"": 12.0}",V3-000730,LONG,MULTI,reports\arena_v3_results.json,28.7837,1.5704,1.9365,1.3988,84.38,34,WALK_FORWARD_FINALIST,"{""atr_period"": 12, ""filter_set"": ""Original"", ""max_bars_held"": 40, ""sensitivity"": 0.5, ""stop_loss_percent"": 1.5, ""take_profit_percent"": 12.0}"
130,"reports\arena_v3_results.json|V3-000228|MULTI|{""atr_period"": 7, ""filter_set"": ""Original"", ""max_bars_held"": 20, ""sensitivity"": 0.5, ""stop_loss_percent"": 1.5, ""take_profit_percent"": 8.0}",V3-000228,LONG,MULTI,reports\arena_v3_results.json,28.6707,1.4342,1.928,1.4264,87.5,33,WALK_FORWARD_FINALIST,"{""atr_period"": 7, ""filter_set"": ""Original"", ""max_bars_held"": 20, ""sensitivity"": 0.5, ""stop_loss_percent"": 1.5, ""take_profit_percent"": 8.0}"
131,"reports\arena_v3_results.json|V3-000253|MULTI|{""atr_period"": 7, ""filter_set"": ""Original"", ""max_bars_held"": 30, ""sensitivity"": 0.5, ""stop_loss_percent"": 1.5, ""take_profit_percent"": 8.0}",V3-000253,LONG,MULTI,reports\arena_v3_results.json,28.6707,1.4342,1.928,1.4264,87.5,33,WALK_FORWARD_FINALIST,"{""atr_period"": 7, ""filter_set"": ""Original"", ""max_bars_held"": 30, ""sensitivity"": 0.5, ""stop_loss_percent"": 1.5, ""take_profit_percent"": 8.0}"
132,"reports\arena_v3_results.json|V3-000278|MULTI|{""atr_period"": 7, ""filter_set"": ""Original"", ""max_bars_held"": 40, ""sensitivity"": 0.5, ""stop_loss_percent"": 1.5, ""take_profit_percent"": 8.0}",V3-000278,LONG,MULTI,reports\arena_v3_results.json,28.6707,1.4342,1.928,1.4264,87.5,33,WALK_FORWARD_FINALIST,"{""atr_period"": 7, ""filter_set"": ""Original"", ""max_bars_held"": 40, ""sensitivity"": 0.5, ""stop_loss_percent"": 1.5, ""take_profit_percent"": 8.0}"
133,"reports\multi_market_strategy_arena_v2.json|MM-0025|MULTI|{""atr_period"": 10, ""filter_set"": ""Original"", ""max_bars_held"": 10, ""risk_profile"": ""Balanced"", ""sensitivity"": 1.0, ""stop_loss_percent"": 3.0, ""take_profit_percent"": 8.0}",MM-0025,LONG,MULTI,reports\multi_market_strategy_arena_v2.json,28.5792,1.911,2.098,1.4508,77.78,35,MULTI_MARKET_FINALIST,"{""atr_period"": 10, ""filter_set"": ""Original"", ""max_bars_held"": 10, ""risk_profile"": ""Balanced"", ""sensitivity"": 1.0, ""stop_loss_percent"": 3.0, ""take_profit_percent"": 8.0}"
134,"reports\multi_market_strategy_arena_v2.json|MM-0493|MULTI|{""atr_period"": 10, ""filter_set"": ""EMA200+RSI"", ""max_bars_held"": 10, ""risk_profile"": ""Balanced"", ""sensitivity"": 0.8, ""stop_loss_percent"": 3.0, ""take_profit_percent"": 8.0}",MM-0493,LONG,MULTI,reports\multi_market_strategy_arena_v2.json,28.405,1.734,1.4523,1.4552,66.67,26,MULTI_MARKET_FINALIST,"{""atr_period"": 10, ""filter_set"": ""EMA200+RSI"", ""max_bars_held"": 10, ""risk_profile"": ""Balanced"", ""sensitivity"": 0.8, ""stop_loss_percent"": 3.0, ""take_profit_percent"": 8.0}"
135,"reports\multi_market_strategy_arena_v2.json|MM-0049|MULTI|{""atr_period"": 14, ""filter_set"": ""Original"", ""max_bars_held"": 10, ""risk_profile"": ""Balanced"", ""sensitivity"": 1.2, ""stop_loss_percent"": 3.0, ""take_profit_percent"": 8.0}",MM-0049,LONG,MULTI,reports\multi_market_strategy_arena_v2.json,28.2361,1.3019,1.809,1.3628,77.78,29,MULTI_MARKET_FINALIST,"{""atr_period"": 14, ""filter_set"": ""Original"", ""max_bars_held"": 10, ""risk_profile"": ""Balanced"", ""sensitivity"": 1.2, ""stop_loss_percent"": 3.0, ""take_profit_percent"": 8.0}"
136,"reports\multi_market_strategy_arena_v2.json|MM-0285|MULTI|{""atr_period"": 14, ""filter_set"": ""RelativeVolume"", ""max_bars_held"": 20, ""risk_profile"": ""Balanced"", ""sensitivity"": 0.8, ""stop_loss_percent"": 3.0, ""take_profit_percent"": 8.0}",MM-0285,LONG,MULTI,reports\multi_market_strategy_arena_v2.json,27.8618,2.9988,1.5496,1.8586,44.44,21,MULTI_MARKET_FINALIST,"{""atr_period"": 14, ""filter_set"": ""RelativeVolume"", ""max_bars_held"": 20, ""risk_profile"": ""Balanced"", ""sensitivity"": 0.8, ""stop_loss_percent"": 3.0, ""take_profit_percent"": 8.0}"
137,"reports\multi_market_strategy_arena_v2.json|MM-0287|MULTI|{""atr_period"": 14, ""filter_set"": ""RelativeVolume"", ""max_bars_held"": 30, ""risk_profile"": ""Balanced"", ""sensitivity"": 0.8, ""stop_loss_percent"": 3.0, ""take_profit_percent"": 8.0}",MM-0287,LONG,MULTI,reports\multi_market_strategy_arena_v2.json,27.8321,2.9988,1.5496,1.8586,44.44,21,MULTI_MARKET_FINALIST,"{""atr_period"": 14, ""filter_set"": ""RelativeVolume"", ""max_bars_held"": 30, ""risk_profile"": ""Balanced"", ""sensitivity"": 0.8, ""stop_loss_percent"": 3.0, ""take_profit_percent"": 8.0}"
